0, 1315146595359370, /home/tcpan/PhD/path/Data/ValidationSet/20X_4096x4096_tiles/astroII.1/astroII.1.ndpi-0000016384-0000004096.tif, gpu, 0, 337329, 2024, 0.99861, 5301, 

0, 1315146596201379, /home/tcpan/PhD/path/Data/ValidationSet/20X_4096x4096_tiles/astroII.1/astroII.1.ndpi-0000040960-0000004096.tif, gpu, 0, 302404, 2013, 0.972002, 5345, 

0, 1315146597349470, /home/tcpan/PhD/path/Data/ValidationSet/20X_4096x4096_tiles/astroII.1/astroII.1.ndpi-0000004096-0000004096.tif, gpu, 0, 363419, 2014, 0.30475, 4718, 156403, 0, 10540, 1184, 468464, 9004100, 195, 16606527, 9864, 482, 287083, 8315, 1269, 
0, 1315146608127486, /home/tcpan/PhD/path/Data/ValidationSet/20X_4096x4096_tiles/astroII.1/astroII.1.ndpi-0000036864-0000004096.tif, gpu, 0, 345740, 2016, 0.999322, 5249, 

0, 1315146608853406, /home/tcpan/PhD/path/Data/ValidationSet/20X_4096x4096_tiles/astroII.1/astroII.1.ndpi-0000053248-0000012288.tif, gpu, 0, 294213, 2005, 0.999637, 5623, 

0, 1315146609615614, /home/tcpan/PhD/path/Data/ValidationSet/20X_4096x4096_tiles/astroII.1/astroII.1.ndpi-0000024576-0000008192.tif, gpu, 0, 296640, 1999, 0.99951, 5230, 

0, 1315146610827683, /home/tcpan/PhD/path/Data/ValidationSet/20X_4096x4096_tiles/astroII.1/astroII.1.ndpi-0000049152-0000004096.tif, gpu, 0, 300594, 2067, 0.165084, 4574, 156462, 0, 10042, 1239, 468025, 6886266, 149, 16609876, 9872, 480, 333384, 8144, 1382, 
0, 1315146619471630, /home/tcpan/PhD/path/Data/ValidationSet/20X_4096x4096_tiles/astroII.1/astroII.1.ndpi-0000040960-0000000000.tif, gpu, 0, 298162, 2111, 0.989707, 5222, 

0, 1315146620243015, /home/tcpan/PhD/path/Data/ValidationSet/20X_4096x4096_tiles/astroII.1/astroII.1.ndpi-0000028672-0000004096.tif, gpu, 0, 301685, 2016, 0.998906, 5261, 

0, 1315146621096714, /home/tcpan/PhD/path/Data/ValidationSet/20X_4096x4096_tiles/astroII.1/astroII.1.ndpi-0000053248-0000004096.tif, gpu, 0, 294431, 2008, 0.867814, 5203, 63515, 0, 10246, 1181, 468157, 7760106, 168, 16621527, 9777, 478, 240005, 8256, 1295, 
0, 1315146630498452, /home/tcpan/PhD/path/Data/ValidationSet/20X_4096x4096_tiles/astroII.1/astroII.1.ndpi-0000000000-0000004096.tif, gpu, 0, 302996, 2056, 0.906713, 5165, 

0, 1315146631389283, /home/tcpan/PhD/path/Data/ValidationSet/20X_4096x4096_tiles/astroII.1/astroII.1.ndpi-0000045056-0000000000.tif, gpu, 0, 299888, 2016, 0.803365, 5092, 201978, 19, 10270, 1185, 468128, 4482616, 97, 16616018, 9793, 547, 238713, 8279, 1317, 
0, 1315146637887010, /home/tcpan/PhD/path/Data/ValidationSet/20X_4096x4096_tiles/astroII.1/astroII.1.ndpi-0000004096-0000008192.tif, gpu, 0, 294456, 2015, 0.431987, 4945, 340883, 7691, 10181, 1336, 468289, 20831335, 451, 16526930, 9802, 479, 286012, 8308, 1308, 
0, 1315146660626326, /home/tcpan/PhD/path/Data/ValidationSet/20X_4096x4096_tiles/astroII.1/astroII.1.ndpi-0000016384-0000008192.tif, gpu, 0, 332503, 2014, 0.999546, 5265, 

0, 1315146661402875, /home/tcpan/PhD/path/Data/ValidationSet/20X_4096x4096_tiles/astroII.1/astroII.1.ndpi-0000020480-0000008192.tif, gpu, 0, 300827, 2017, 0.999207, 5374, 

0, 1315146662166623, /home/tcpan/PhD/path/Data/ValidationSet/20X_4096x4096_tiles/astroII.1/astroII.1.ndpi-0000028672-0000008192.tif, gpu, 0, 295435, 2058, 0.999066, 5241, 

0, 1315146662923023, /home/tcpan/PhD/path/Data/ValidationSet/20X_4096x4096_tiles/astroII.1/astroII.1.ndpi-0000032768-0000000000.tif, gpu, 0, 295481, 2015, 0.996199, 5291, 

0, 1315146663682821, /home/tcpan/PhD/path/Data/ValidationSet/20X_4096x4096_tiles/astroII.1/astroII.1.ndpi-0000008192-0000000000.tif, gpu, 0, 301738, 2011, 0.995589, 5295, 

0, 1315146664451564, /home/tcpan/PhD/path/Data/ValidationSet/20X_4096x4096_tiles/astroII.1/astroII.1.ndpi-0000024576-0000004096.tif, gpu, 0, 299494, 2013, 0.99826, 5245, 

0, 1315146665216006, /home/tcpan/PhD/path/Data/ValidationSet/20X_4096x4096_tiles/astroII.1/astroII.1.ndpi-0000012288-0000000000.tif, gpu, 0, 301079, 2010, 0.997071, 5284, 

0, 1315146665876540, /home/tcpan/PhD/path/Data/ValidationSet/20X_4096x4096_tiles/astroII.1/astroII.1.ndpi-0000032768-0000012288.tif, gpu, 0, 309366, 2014, 0.999882, 5237, 

0, 1315146666528476, /home/tcpan/PhD/path/Data/ValidationSet/20X_4096x4096_tiles/astroII.1/astroII.1.ndpi-0000028672-0000012288.tif, gpu, 0, 315263, 2085, 0.999845, 5326, 

0, 1315146667204066, /home/tcpan/PhD/path/Data/ValidationSet/20X_4096x4096_tiles/astroII.1/astroII.1.ndpi-0000016384-0000012288.tif, gpu, 0, 302893, 2007, 0.999924, 5326, 

0, 1315146667974015, /home/tcpan/PhD/path/Data/ValidationSet/20X_4096x4096_tiles/astroII.1/astroII.1.ndpi-0000036864-0000000000.tif, gpu, 0, 308906, 2013, 0.998955, 5341, 

0, 1315146668842632, /home/tcpan/PhD/path/Data/ValidationSet/20X_4096x4096_tiles/astroII.1/astroII.1.ndpi-0000045056-0000008192.tif, gpu, 0, 299528, 2015, 0.844795, 5206, 156156, 0, 9892, 1184, 468059, 7388652, 160, 16609022, 9882, 477, 377747, 8231, 1341, 
0, 1315146677946255, /home/tcpan/PhD/path/Data/ValidationSet/20X_4096x4096_tiles/astroII.1/astroII.1.ndpi-0000024576-0000012288.tif, gpu, 0, 304640, 2102, 0.999853, 5237, 

0, 1315146678702504, /home/tcpan/PhD/path/Data/ValidationSet/20X_4096x4096_tiles/astroII.1/astroII.1.ndpi-0000020480-0000004096.tif, gpu, 0, 297807, 2007, 0.997832, 5211, 

0, 1315146679372093, /home/tcpan/PhD/path/Data/ValidationSet/20X_4096x4096_tiles/astroII.1/astroII.1.ndpi-0000020480-0000012288.tif, gpu, 0, 298712, 2015, 0.999827, 5238, 

0, 1315146680150958, /home/tcpan/PhD/path/Data/ValidationSet/20X_4096x4096_tiles/astroII.1/astroII.1.ndpi-0000032768-0000004096.tif, gpu, 0, 319402, 2207, 0.999344, 5652, 

0, 1315146680946483, /home/tcpan/PhD/path/Data/ValidationSet/20X_4096x4096_tiles/astroII.1/astroII.1.ndpi-0000053248-0000000000.tif, gpu, 0, 367274, 2056, 0.992235, 5474, 

0, 1315146681673220, /home/tcpan/PhD/path/Data/ValidationSet/20X_4096x4096_tiles/astroII.1/astroII.1.ndpi-0000049152-0000012288.tif, gpu, 0, 298084, 2052, 0.999907, 5236, 

0, 1315146682445280, /home/tcpan/PhD/path/Data/ValidationSet/20X_4096x4096_tiles/astroII.1/astroII.1.ndpi-0000024576-0000000000.tif, gpu, 0, 338782, 2012, 0.997864, 5330, 

0, 1315146683238173, /home/tcpan/PhD/path/Data/ValidationSet/20X_4096x4096_tiles/astroII.1/astroII.1.ndpi-0000036864-0000008192.tif, gpu, 0, 297599, 2059, 0.999278, 5251, 

0, 1315146683902389, /home/tcpan/PhD/path/Data/ValidationSet/20X_4096x4096_tiles/astroII.1/astroII.1.ndpi-0000008192-0000012288.tif, gpu, 0, 310309, 2020, 0.999873, 5223, 

0, 1315146684673290, /home/tcpan/PhD/path/Data/ValidationSet/20X_4096x4096_tiles/astroII.1/astroII.1.ndpi-0000000000-0000000000.tif, gpu, 0, 300440, 2018, 0.994707, 5352, 

0, 1315146685342586, /home/tcpan/PhD/path/Data/ValidationSet/20X_4096x4096_tiles/astroII.1/astroII.1.ndpi-0000045056-0000012288.tif, gpu, 0, 346707, 2008, 0.999883, 5234, 

0, 1315146686171329, /home/tcpan/PhD/path/Data/ValidationSet/20X_4096x4096_tiles/astroII.1/astroII.1.ndpi-0000012288-0000004096.tif, gpu, 0, 302762, 2019, 0.977702, 5363, 

0, 1315146686951957, /home/tcpan/PhD/path/Data/ValidationSet/20X_4096x4096_tiles/astroII.1/astroII.1.ndpi-0000012288-0000008192.tif, gpu, 0, 345585, 2015, 0.985533, 5422, 

0, 1315146688135420, /home/tcpan/PhD/path/Data/ValidationSet/20X_4096x4096_tiles/astroII.1/astroII.1.ndpi-0000008192-0000004096.tif, gpu, 0, 334134, 2087, 0.246548, 4673, 203649, 50, 9839, 1193, 468092, 8545716, 185, 16617877, 9850, 484, 332828, 8319, 1336, 
0, 1315146698528056, /home/tcpan/PhD/path/Data/ValidationSet/20X_4096x4096_tiles/astroII.1/astroII.1.ndpi-0000004096-0000000000.tif, gpu, 0, 296585, 2005, 0.994492, 5297, 

0, 1315146699322059, /home/tcpan/PhD/path/Data/ValidationSet/20X_4096x4096_tiles/astroII.1/astroII.1.ndpi-0000049152-0000008192.tif, gpu, 0, 335651, 2061, 0.938357, 5353, 

0, 1315146700127641, /home/tcpan/PhD/path/Data/ValidationSet/20X_4096x4096_tiles/astroII.1/astroII.1.ndpi-0000028672-0000000000.tif, gpu, 0, 325047, 2079, 0.996981, 5391, 

0, 1315146700809259, /home/tcpan/PhD/path/Data/ValidationSet/20X_4096x4096_tiles/astroII.1/astroII.1.ndpi-0000000000-0000012288.tif, gpu, 0, 295778, 2018, 0.999867, 5244, 

0, 1315146701474320, /home/tcpan/PhD/path/Data/ValidationSet/20X_4096x4096_tiles/astroII.1/astroII.1.ndpi-0000012288-0000012288.tif, gpu, 0, 363377, 2020, 0.999784, 5345, 

0, 1315146702310894, /home/tcpan/PhD/path/Data/ValidationSet/20X_4096x4096_tiles/astroII.1/astroII.1.ndpi-0000053248-0000008192.tif, gpu, 0, 311405, 2017, 0.987064, 5225, 

0, 1315146702978325, /home/tcpan/PhD/path/Data/ValidationSet/20X_4096x4096_tiles/astroII.1/astroII.1.ndpi-0000036864-0000012288.tif, gpu, 0, 311512, 2153, 0.999904, 5478, 

0, 1315146703675702, /home/tcpan/PhD/path/Data/ValidationSet/20X_4096x4096_tiles/astroII.1/astroII.1.ndpi-0000004096-0000012288.tif, gpu, 0, 303920, 2183, 0.999608, 5228, 

0, 1315146704605911, /home/tcpan/PhD/path/Data/ValidationSet/20X_4096x4096_tiles/astroII.1/astroII.1.ndpi-0000008192-0000008192.tif, gpu, 0, 313197, 2016, 0.602258, 5008, 155678, 0, 10105, 1223, 468093, 7065696, 153, 16607835, 9881, 481, 286655, 8304, 1269, 
0, 1315146713393839, /home/tcpan/PhD/path/Data/ValidationSet/20X_4096x4096_tiles/astroII.1/astroII.1.ndpi-0000032768-0000008192.tif, gpu, 0, 374953, 2076, 0.99903, 5311, 

0, 1315146714240191, /home/tcpan/PhD/path/Data/ValidationSet/20X_4096x4096_tiles/astroII.1/astroII.1.ndpi-0000016384-0000000000.tif, gpu, 0, 303551, 2013, 0.994597, 5459, 

0, 1315146715378400, /home/tcpan/PhD/path/Data/ValidationSet/20X_4096x4096_tiles/astroII.1/astroII.1.ndpi-0000045056-0000004096.tif, gpu, 0, 304705, 2011, 0.307533, 4800, 433398, 9376, 10560, 1190, 468113, 19532742, 423, 16572284, 9874, 483, 285697, 8439, 1380, 
0, 1315146736924275, /home/tcpan/PhD/path/Data/ValidationSet/20X_4096x4096_tiles/astroII.1/astroII.1.ndpi-0000000000-0000008192.tif, gpu, 0, 311900, 2019, 0.975699, 5245, 

0, 1315146737863222, /home/tcpan/PhD/path/Data/ValidationSet/20X_4096x4096_tiles/astroII.1/astroII.1.ndpi-0000049152-0000000000.tif, gpu, 0, 302598, 2022, 0.687578, 4996, 155698, 0, 10343, 1269, 468687, 11542361, 250, 16619178, 9816, 482, 286139, 8357, 1273, 
0, 1315146751108190, /home/tcpan/PhD/path/Data/ValidationSet/20X_4096x4096_tiles/astroII.1/astroII.1.ndpi-0000040960-0000008192.tif, gpu, 0, 310699, 2035, 0.999415, 5500, 

0, 1315146751795770, /home/tcpan/PhD/path/Data/ValidationSet/20X_4096x4096_tiles/astroII.1/astroII.1.ndpi-0000040960-0000012288.tif, gpu, 0, 297037, 1993, 0.999714, 5329, 

0, 1315146752557096, /home/tcpan/PhD/path/Data/ValidationSet/20X_4096x4096_tiles/astroII.1/astroII.1.ndpi-0000020480-0000000000.tif, gpu, 0, 315629, 2014, 0.995345, 5377, 

x_coalesced, 1315342477157933, /home/tcpan/PhD/path/Data/ValidationSet/20X_4096x4096_tiles/astroII.1/astroII.1.ndpi-0000016384-0000004096.tif, gpu, 0, 310826, 2014, 0.99861, 5426, 

x_coalesced, 1315342477933559, /home/tcpan/PhD/path/Data/ValidationSet/20X_4096x4096_tiles/astroII.1/astroII.1.ndpi-0000040960-0000004096.tif, gpu, 0, 303758, 2021, 0.972002, 5271, 

x_coalesced, 1315342479041910, /home/tcpan/PhD/path/Data/ValidationSet/20X_4096x4096_tiles/astroII.1/astroII.1.ndpi-0000004096-0000004096.tif, gpu, 0, 307700, 2103, 0.30475, 4780, 155728, 0, 10151, 1191, 468200, 9001609, 195, 16606527, 10291, 498, 286354, 8361, 1435, 
x_coalesced, 1315342489722274, /home/tcpan/PhD/path/Data/ValidationSet/20X_4096x4096_tiles/astroII.1/astroII.1.ndpi-0000036864-0000004096.tif, gpu, 0, 301729, 2014, 0.999322, 5340, 

x_coalesced, 1315342490352289, /home/tcpan/PhD/path/Data/ValidationSet/20X_4096x4096_tiles/astroII.1/astroII.1.ndpi-0000053248-0000012288.tif, gpu, 0, 301596, 2019, 0.999637, 5340, 

x_coalesced, 1315342491087353, /home/tcpan/PhD/path/Data/ValidationSet/20X_4096x4096_tiles/astroII.1/astroII.1.ndpi-0000024576-0000008192.tif, gpu, 0, 306021, 2006, 0.99951, 5554, 

x_coalesced, 1315342492215046, /home/tcpan/PhD/path/Data/ValidationSet/20X_4096x4096_tiles/astroII.1/astroII.1.ndpi-0000049152-0000004096.tif, gpu, 0, 301907, 2013, 0.165084, 4577, 156541, 0, 9838, 1327, 468427, 6879091, 149, 16609876, 10002, 531, 333226, 8493, 1330, 
x_coalesced, 1315342500816814, /home/tcpan/PhD/path/Data/ValidationSet/20X_4096x4096_tiles/astroII.1/astroII.1.ndpi-0000040960-0000000000.tif, gpu, 0, 312843, 2127, 0.989707, 5184, 

x_coalesced, 1315342501572783, /home/tcpan/PhD/path/Data/ValidationSet/20X_4096x4096_tiles/astroII.1/astroII.1.ndpi-0000028672-0000004096.tif, gpu, 0, 300653, 2023, 0.998906, 5287, 

x_coalesced, 1315342502375077, /home/tcpan/PhD/path/Data/ValidationSet/20X_4096x4096_tiles/astroII.1/astroII.1.ndpi-0000053248-0000004096.tif, gpu, 0, 299054, 2017, 0.867814, 5301, 63514, 0, 10211, 1187, 468274, 7757770, 168, 16621527, 9894, 480, 239452, 8344, 1315, 
x_coalesced, 1315342511731008, /home/tcpan/PhD/path/Data/ValidationSet/20X_4096x4096_tiles/astroII.1/astroII.1.ndpi-0000000000-0000004096.tif, gpu, 0, 301962, 2014, 0.906713, 5255, 

x_coalesced, 1315342512553281, /home/tcpan/PhD/path/Data/ValidationSet/20X_4096x4096_tiles/astroII.1/astroII.1.ndpi-0000045056-0000000000.tif, gpu, 0, 299901, 1999, 0.803365, 5202, 201809, 19, 10026, 1186, 468266, 4478662, 97, 16616018, 9896, 485, 238743, 8373, 1269, 
x_coalesced, 1315342519017672, /home/tcpan/PhD/path/Data/ValidationSet/20X_4096x4096_tiles/astroII.1/astroII.1.ndpi-0000004096-0000008192.tif, gpu, 0, 288674, 1994, 0.431987, 4818, 340380, 7691, 9907, 1185, 468324, 20823263, 451, 16526930, 9953, 483, 287825, 8387, 1311, 
x_coalesced, 1315342541676494, /home/tcpan/PhD/path/Data/ValidationSet/20X_4096x4096_tiles/astroII.1/astroII.1.ndpi-0000016384-0000008192.tif, gpu, 0, 296107, 2018, 0.999546, 5284, 

x_coalesced, 1315342542385598, /home/tcpan/PhD/path/Data/ValidationSet/20X_4096x4096_tiles/astroII.1/astroII.1.ndpi-0000020480-0000008192.tif, gpu, 0, 311818, 1997, 0.999207, 5196, 

x_coalesced, 1315342543137409, /home/tcpan/PhD/path/Data/ValidationSet/20X_4096x4096_tiles/astroII.1/astroII.1.ndpi-0000028672-0000008192.tif, gpu, 0, 306031, 2014, 0.999066, 5237, 

x_coalesced, 1315342543859896, /home/tcpan/PhD/path/Data/ValidationSet/20X_4096x4096_tiles/astroII.1/astroII.1.ndpi-0000032768-0000000000.tif, gpu, 0, 299106, 2005, 0.996199, 5217, 

x_coalesced, 1315342544572155, /home/tcpan/PhD/path/Data/ValidationSet/20X_4096x4096_tiles/astroII.1/astroII.1.ndpi-0000008192-0000000000.tif, gpu, 0, 298905, 2021, 0.995589, 5193, 

x_coalesced, 1315342545293391, /home/tcpan/PhD/path/Data/ValidationSet/20X_4096x4096_tiles/astroII.1/astroII.1.ndpi-0000024576-0000004096.tif, gpu, 0, 303853, 2056, 0.99826, 5256, 

x_coalesced, 1315342546033708, /home/tcpan/PhD/path/Data/ValidationSet/20X_4096x4096_tiles/astroII.1/astroII.1.ndpi-0000012288-0000000000.tif, gpu, 0, 298585, 1997, 0.997071, 5205, 

x_coalesced, 1315342546670233, /home/tcpan/PhD/path/Data/ValidationSet/20X_4096x4096_tiles/astroII.1/astroII.1.ndpi-0000032768-0000012288.tif, gpu, 0, 305546, 2086, 0.999882, 5444, 

x_coalesced, 1315342547313122, /home/tcpan/PhD/path/Data/ValidationSet/20X_4096x4096_tiles/astroII.1/astroII.1.ndpi-0000028672-0000012288.tif, gpu, 0, 315944, 2057, 0.999845, 5372, 

x_coalesced, 1315342547968860, /home/tcpan/PhD/path/Data/ValidationSet/20X_4096x4096_tiles/astroII.1/astroII.1.ndpi-0000016384-0000012288.tif, gpu, 0, 312907, 2007, 0.999924, 5259, 

x_coalesced, 1315342548704571, /home/tcpan/PhD/path/Data/ValidationSet/20X_4096x4096_tiles/astroII.1/astroII.1.ndpi-0000036864-0000000000.tif, gpu, 0, 310053, 2029, 0.998955, 5338, 

x_coalesced, 1315342549534331, /home/tcpan/PhD/path/Data/ValidationSet/20X_4096x4096_tiles/astroII.1/astroII.1.ndpi-0000045056-0000008192.tif, gpu, 0, 316407, 2072, 0.844795, 5209, 156050, 0, 11483, 1187, 468227, 7388341, 160, 16609022, 10008, 486, 379226, 8274, 1274, 
x_coalesced, 1315342558625615, /home/tcpan/PhD/path/Data/ValidationSet/20X_4096x4096_tiles/astroII.1/astroII.1.ndpi-0000024576-0000012288.tif, gpu, 0, 299964, 2018, 0.999853, 5259, 

x_coalesced, 1315342559347982, /home/tcpan/PhD/path/Data/ValidationSet/20X_4096x4096_tiles/astroII.1/astroII.1.ndpi-0000020480-0000004096.tif, gpu, 0, 365554, 2021, 0.997832, 5275, 

x_coalesced, 1315342560049510, /home/tcpan/PhD/path/Data/ValidationSet/20X_4096x4096_tiles/astroII.1/astroII.1.ndpi-0000020480-0000012288.tif, gpu, 0, 291587, 2003, 0.999827, 5295, 

x_coalesced, 1315342560754517, /home/tcpan/PhD/path/Data/ValidationSet/20X_4096x4096_tiles/astroII.1/astroII.1.ndpi-0000032768-0000004096.tif, gpu, 0, 306348, 2017, 0.999344, 5274, 

x_coalesced, 1315342561474425, /home/tcpan/PhD/path/Data/ValidationSet/20X_4096x4096_tiles/astroII.1/astroII.1.ndpi-0000053248-0000000000.tif, gpu, 0, 295890, 1993, 0.992235, 5293, 

x_coalesced, 1315342562097862, /home/tcpan/PhD/path/Data/ValidationSet/20X_4096x4096_tiles/astroII.1/astroII.1.ndpi-0000049152-0000012288.tif, gpu, 0, 305895, 2004, 0.999907, 5369, 

x_coalesced, 1315342562841315, /home/tcpan/PhD/path/Data/ValidationSet/20X_4096x4096_tiles/astroII.1/astroII.1.ndpi-0000024576-0000000000.tif, gpu, 0, 301427, 2057, 0.997864, 5308, 

x_coalesced, 1315342563575161, /home/tcpan/PhD/path/Data/ValidationSet/20X_4096x4096_tiles/astroII.1/astroII.1.ndpi-0000036864-0000008192.tif, gpu, 0, 296422, 2008, 0.999278, 5292, 

x_coalesced, 1315342564204078, /home/tcpan/PhD/path/Data/ValidationSet/20X_4096x4096_tiles/astroII.1/astroII.1.ndpi-0000008192-0000012288.tif, gpu, 0, 302681, 2015, 0.999873, 5254, 

x_coalesced, 1315342564923592, /home/tcpan/PhD/path/Data/ValidationSet/20X_4096x4096_tiles/astroII.1/astroII.1.ndpi-0000000000-0000000000.tif, gpu, 0, 305803, 2034, 0.994707, 5200, 

x_coalesced, 1315342565570109, /home/tcpan/PhD/path/Data/ValidationSet/20X_4096x4096_tiles/astroII.1/astroII.1.ndpi-0000045056-0000012288.tif, gpu, 0, 321382, 2073, 0.999883, 5244, 

x_coalesced, 1315342566339805, /home/tcpan/PhD/path/Data/ValidationSet/20X_4096x4096_tiles/astroII.1/astroII.1.ndpi-0000012288-0000004096.tif, gpu, 0, 304576, 2015, 0.977702, 5293, 

x_coalesced, 1315342567088550, /home/tcpan/PhD/path/Data/ValidationSet/20X_4096x4096_tiles/astroII.1/astroII.1.ndpi-0000012288-0000008192.tif, gpu, 0, 300289, 1998, 0.985533, 5215, 

x_coalesced, 1315342568205067, /home/tcpan/PhD/path/Data/ValidationSet/20X_4096x4096_tiles/astroII.1/astroII.1.ndpi-0000008192-0000004096.tif, gpu, 0, 303889, 2018, 0.246548, 4601, 201755, 50, 10187, 1186, 468230, 8539428, 185, 16617877, 9992, 482, 332991, 8239, 1306, 
x_coalesced, 1315342578519205, /home/tcpan/PhD/path/Data/ValidationSet/20X_4096x4096_tiles/astroII.1/astroII.1.ndpi-0000004096-0000000000.tif, gpu, 0, 293321, 2011, 0.994492, 5214, 

x_coalesced, 1315342579282936, /home/tcpan/PhD/path/Data/ValidationSet/20X_4096x4096_tiles/astroII.1/astroII.1.ndpi-0000049152-0000008192.tif, gpu, 0, 292809, 1991, 0.938357, 5169, 

x_coalesced, 1315342580010695, /home/tcpan/PhD/path/Data/ValidationSet/20X_4096x4096_tiles/astroII.1/astroII.1.ndpi-0000028672-0000000000.tif, gpu, 0, 295495, 2008, 0.996981, 5263, 

x_coalesced, 1315342580645085, /home/tcpan/PhD/path/Data/ValidationSet/20X_4096x4096_tiles/astroII.1/astroII.1.ndpi-0000000000-0000012288.tif, gpu, 0, 296370, 2024, 0.999867, 5275, 

x_coalesced, 1315342581278579, /home/tcpan/PhD/path/Data/ValidationSet/20X_4096x4096_tiles/astroII.1/astroII.1.ndpi-0000012288-0000012288.tif, gpu, 0, 302826, 2014, 0.999784, 5226, 

x_coalesced, 1315342582020958, /home/tcpan/PhD/path/Data/ValidationSet/20X_4096x4096_tiles/astroII.1/astroII.1.ndpi-0000053248-0000008192.tif, gpu, 0, 290173, 2011, 0.987064, 5186, 

x_coalesced, 1315342582650690, /home/tcpan/PhD/path/Data/ValidationSet/20X_4096x4096_tiles/astroII.1/astroII.1.ndpi-0000036864-0000012288.tif, gpu, 0, 297063, 1997, 0.999904, 5265, 

x_coalesced, 1315342583279551, /home/tcpan/PhD/path/Data/ValidationSet/20X_4096x4096_tiles/astroII.1/astroII.1.ndpi-0000004096-0000012288.tif, gpu, 0, 298285, 2002, 0.999608, 5302, 

x_coalesced, 1315342584200711, /home/tcpan/PhD/path/Data/ValidationSet/20X_4096x4096_tiles/astroII.1/astroII.1.ndpi-0000008192-0000008192.tif, gpu, 0, 292173, 2010, 0.602258, 4917, 155564, 0, 9987, 1192, 468123, 7060624, 153, 16607835, 9822, 478, 285898, 8249, 1344, 
x_coalesced, 1315342592918894, /home/tcpan/PhD/path/Data/ValidationSet/20X_4096x4096_tiles/astroII.1/astroII.1.ndpi-0000032768-0000008192.tif, gpu, 0, 304440, 2061, 0.99903, 5291, 

x_coalesced, 1315342593657523, /home/tcpan/PhD/path/Data/ValidationSet/20X_4096x4096_tiles/astroII.1/astroII.1.ndpi-0000016384-0000000000.tif, gpu, 0, 299805, 2014, 0.994597, 5282, 

x_coalesced, 1315342594724858, /home/tcpan/PhD/path/Data/ValidationSet/20X_4096x4096_tiles/astroII.1/astroII.1.ndpi-0000045056-0000004096.tif, gpu, 0, 300788, 2060, 0.307533, 4750, 433574, 9376, 9919, 1189, 468066, 19517887, 423, 16572284, 9957, 485, 286407, 8336, 1270, 
x_coalesced, 1315342616194803, /home/tcpan/PhD/path/Data/ValidationSet/20X_4096x4096_tiles/astroII.1/astroII.1.ndpi-0000000000-0000008192.tif, gpu, 0, 292441, 2012, 0.975699, 5220, 

x_coalesced, 1315342617052658, /home/tcpan/PhD/path/Data/ValidationSet/20X_4096x4096_tiles/astroII.1/astroII.1.ndpi-0000049152-0000000000.tif, gpu, 0, 303053, 1995, 0.687578, 5022, 155716, 0, 10453, 1249, 468344, 11541124, 250, 16619178, 9854, 482, 285749, 8312, 1377, 
x_coalesced, 1315342630260764, /home/tcpan/PhD/path/Data/ValidationSet/20X_4096x4096_tiles/astroII.1/astroII.1.ndpi-0000040960-0000008192.tif, gpu, 0, 296147, 2003, 0.999415, 5248, 

x_coalesced, 1315342630870770, /home/tcpan/PhD/path/Data/ValidationSet/20X_4096x4096_tiles/astroII.1/astroII.1.ndpi-0000040960-0000012288.tif, gpu, 0, 298799, 2130, 0.999714, 5238, 

x_coalesced, 1315342631586198, /home/tcpan/PhD/path/Data/ValidationSet/20X_4096x4096_tiles/astroII.1/astroII.1.ndpi-0000020480-0000000000.tif, gpu, 0, 293597, 2133, 0.995345, 5260, 

x-coal, 1315343745974511, /home/tcpan/PhD/path/Data/ValidationSet/20X_4096x4096_tiles/astroII.1/astroII.1.ndpi-0000016384-0000004096.tif, gpu, 0, 315427, 2108, 0.99861, 5276, 

x-coal, 1315343746757199, /home/tcpan/PhD/path/Data/ValidationSet/20X_4096x4096_tiles/astroII.1/astroII.1.ndpi-0000040960-0000004096.tif, gpu, 0, 299693, 2011, 0.972002, 5223, 

x-coal, 1315343747792134, /home/tcpan/PhD/path/Data/ValidationSet/20X_4096x4096_tiles/astroII.1/astroII.1.ndpi-0000004096-0000004096.tif, gpu, 0, 305062, 2013, 0.30475, 4764, 56198, 0, 10433, 1187, 468679, 586858, 45, 16606527, 10306, 476, 83764, 8364, 1264, 
x-coal, 1315343749741767, /home/tcpan/PhD/path/Data/ValidationSet/20X_4096x4096_tiles/astroII.1/astroII.1.ndpi-0000036864-0000004096.tif, gpu, 0, 307819, 2157, 0.999322, 5304, 

x-coal, 1315343750383520, /home/tcpan/PhD/path/Data/ValidationSet/20X_4096x4096_tiles/astroII.1/astroII.1.ndpi-0000053248-0000012288.tif, gpu, 0, 310985, 2015, 0.999637, 5535, 

x-coal, 1315343751122956, /home/tcpan/PhD/path/Data/ValidationSet/20X_4096x4096_tiles/astroII.1/astroII.1.ndpi-0000024576-0000008192.tif, gpu, 0, 294174, 2053, 0.99951, 5205, 

x-coal, 1315343752247148, /home/tcpan/PhD/path/Data/ValidationSet/20X_4096x4096_tiles/astroII.1/astroII.1.ndpi-0000049152-0000004096.tif, gpu, 0, 305441, 2080, 0.165084, 4726, 68860, 0, 10249, 1186, 468156, 742468, 57, 16609876, 9807, 473, 96301, 8309, 1263, 
x-coal, 1315343754402791, /home/tcpan/PhD/path/Data/ValidationSet/20X_4096x4096_tiles/astroII.1/astroII.1.ndpi-0000040960-0000000000.tif, gpu, 0, 306625, 2126, 0.989707, 5300, 

x-coal, 1315343755139101, /home/tcpan/PhD/path/Data/ValidationSet/20X_4096x4096_tiles/astroII.1/astroII.1.ndpi-0000028672-0000004096.tif, gpu, 0, 310268, 2035, 0.998906, 5332, 

x-coal, 1315343755967110, /home/tcpan/PhD/path/Data/ValidationSet/20X_4096x4096_tiles/astroII.1/astroII.1.ndpi-0000053248-0000004096.tif, gpu, 0, 311475, 2012, 0.867814, 5147, 30366, 0, 10372, 1183, 468151, 495660, 38, 16621527, 9943, 477, 71085, 8627, 1289, 
x-coal, 1315343757881422, /home/tcpan/PhD/path/Data/ValidationSet/20X_4096x4096_tiles/astroII.1/astroII.1.ndpi-0000000000-0000004096.tif, gpu, 0, 307832, 2017, 0.906713, 5160, 

x-coal, 1315343758721170, /home/tcpan/PhD/path/Data/ValidationSet/20X_4096x4096_tiles/astroII.1/astroII.1.ndpi-0000045056-0000000000.tif, gpu, 0, 293006, 2002, 0.803365, 5250, 56252, 19, 10131, 1182, 468098, 392051, 30, 16616018, 9872, 471, 84100, 8802, 1335, 
x-coal, 1315343760795036, /home/tcpan/PhD/path/Data/ValidationSet/20X_4096x4096_tiles/astroII.1/astroII.1.ndpi-0000004096-0000008192.tif, gpu, 0, 305805, 2009, 0.431987, 4943, 69097, 8108, 11315, 1182, 468356, 2418305, 186, 16526930, 9995, 482, 96497, 8544, 1262, 
x-coal, 1315343764620063, /home/tcpan/PhD/path/Data/ValidationSet/20X_4096x4096_tiles/astroII.1/astroII.1.ndpi-0000016384-0000008192.tif, gpu, 0, 313718, 2068, 0.999546, 5390, 

x-coal, 1315343765354013, /home/tcpan/PhD/path/Data/ValidationSet/20X_4096x4096_tiles/astroII.1/astroII.1.ndpi-0000020480-0000008192.tif, gpu, 0, 310697, 2022, 0.999207, 5292, 

x-coal, 1315343766087399, /home/tcpan/PhD/path/Data/ValidationSet/20X_4096x4096_tiles/astroII.1/astroII.1.ndpi-0000028672-0000008192.tif, gpu, 0, 305082, 2002, 0.999066, 5199, 

x-coal, 1315343766820453, /home/tcpan/PhD/path/Data/ValidationSet/20X_4096x4096_tiles/astroII.1/astroII.1.ndpi-0000032768-0000000000.tif, gpu, 0, 314981, 2012, 0.996199, 5221, 

x-coal, 1315343767552061, /home/tcpan/PhD/path/Data/ValidationSet/20X_4096x4096_tiles/astroII.1/astroII.1.ndpi-0000008192-0000000000.tif, gpu, 0, 299693, 2003, 0.995589, 5192, 

x-coal, 1315343768284974, /home/tcpan/PhD/path/Data/ValidationSet/20X_4096x4096_tiles/astroII.1/astroII.1.ndpi-0000024576-0000004096.tif, gpu, 0, 310159, 2013, 0.99826, 5220, 

x-coal, 1315343769007183, /home/tcpan/PhD/path/Data/ValidationSet/20X_4096x4096_tiles/astroII.1/astroII.1.ndpi-0000012288-0000000000.tif, gpu, 0, 294805, 2005, 0.997071, 5217, 

x-coal, 1315343769648914, /home/tcpan/PhD/path/Data/ValidationSet/20X_4096x4096_tiles/astroII.1/astroII.1.ndpi-0000032768-0000012288.tif, gpu, 0, 292308, 1995, 0.999882, 5245, 

x-coal, 1315343770277735, /home/tcpan/PhD/path/Data/ValidationSet/20X_4096x4096_tiles/astroII.1/astroII.1.ndpi-0000028672-0000012288.tif, gpu, 0, 299292, 2012, 0.999845, 5309, 

x-coal, 1315343770907462, /home/tcpan/PhD/path/Data/ValidationSet/20X_4096x4096_tiles/astroII.1/astroII.1.ndpi-0000016384-0000012288.tif, gpu, 0, 308309, 2054, 0.999924, 5396, 

x-coal, 1315343771619625, /home/tcpan/PhD/path/Data/ValidationSet/20X_4096x4096_tiles/astroII.1/astroII.1.ndpi-0000036864-0000000000.tif, gpu, 0, 307834, 2032, 0.998955, 5279, 

x-coal, 1315343772457453, /home/tcpan/PhD/path/Data/ValidationSet/20X_4096x4096_tiles/astroII.1/astroII.1.ndpi-0000045056-0000008192.tif, gpu, 0, 298221, 2004, 0.844795, 5102, 55891, 0, 10327, 1384, 468078, 781253, 60, 16609022, 9874, 494, 83776, 8779, 1286, 
x-coal, 1315343774524360, /home/tcpan/PhD/path/Data/ValidationSet/20X_4096x4096_tiles/astroII.1/astroII.1.ndpi-0000024576-0000012288.tif, gpu, 0, 313257, 2010, 0.999853, 5484, 

x-coal, 1315343775259245, /home/tcpan/PhD/path/Data/ValidationSet/20X_4096x4096_tiles/astroII.1/astroII.1.ndpi-0000020480-0000004096.tif, gpu, 0, 315727, 2041, 0.997832, 5377, 

x-coal, 1315343775911723, /home/tcpan/PhD/path/Data/ValidationSet/20X_4096x4096_tiles/astroII.1/astroII.1.ndpi-0000020480-0000012288.tif, gpu, 0, 308084, 2167, 0.999827, 5248, 

x-coal, 1315343776628529, /home/tcpan/PhD/path/Data/ValidationSet/20X_4096x4096_tiles/astroII.1/astroII.1.ndpi-0000032768-0000004096.tif, gpu, 0, 317573, 2023, 0.999344, 5263, 

x-coal, 1315343777377420, /home/tcpan/PhD/path/Data/ValidationSet/20X_4096x4096_tiles/astroII.1/astroII.1.ndpi-0000053248-0000000000.tif, gpu, 0, 301801, 2016, 0.992235, 5288, 

x-coal, 1315343778009850, /home/tcpan/PhD/path/Data/ValidationSet/20X_4096x4096_tiles/astroII.1/astroII.1.ndpi-0000049152-0000012288.tif, gpu, 0, 310575, 1991, 0.999907, 5626, 

x-coal, 1315343778771798, /home/tcpan/PhD/path/Data/ValidationSet/20X_4096x4096_tiles/astroII.1/astroII.1.ndpi-0000024576-0000000000.tif, gpu, 0, 318885, 2000, 0.997864, 5308, 

x-coal, 1315343779515757, /home/tcpan/PhD/path/Data/ValidationSet/20X_4096x4096_tiles/astroII.1/astroII.1.ndpi-0000036864-0000008192.tif, gpu, 0, 296805, 2000, 0.999278, 5244, 

x-coal, 1315343780154430, /home/tcpan/PhD/path/Data/ValidationSet/20X_4096x4096_tiles/astroII.1/astroII.1.ndpi-0000008192-0000012288.tif, gpu, 0, 297598, 2007, 0.999873, 5295, 

x-coal, 1315343780878494, /home/tcpan/PhD/path/Data/ValidationSet/20X_4096x4096_tiles/astroII.1/astroII.1.ndpi-0000000000-0000000000.tif, gpu, 0, 310174, 2009, 0.994707, 5206, 

x-coal, 1315343781523007, /home/tcpan/PhD/path/Data/ValidationSet/20X_4096x4096_tiles/astroII.1/astroII.1.ndpi-0000045056-0000012288.tif, gpu, 0, 307713, 2008, 0.999883, 5199, 

x-coal, 1315343782283476, /home/tcpan/PhD/path/Data/ValidationSet/20X_4096x4096_tiles/astroII.1/astroII.1.ndpi-0000012288-0000004096.tif, gpu, 0, 312320, 2016, 0.977702, 5358, 

x-coal, 1315343783034758, /home/tcpan/PhD/path/Data/ValidationSet/20X_4096x4096_tiles/astroII.1/astroII.1.ndpi-0000012288-0000008192.tif, gpu, 0, 320039, 2009, 0.985533, 5246, 

x-coal, 1315343784155109, /home/tcpan/PhD/path/Data/ValidationSet/20X_4096x4096_tiles/astroII.1/astroII.1.ndpi-0000008192-0000004096.tif, gpu, 0, 314027, 2066, 0.246548, 4605, 55914, 50, 10122, 1184, 467972, 729887, 56, 16617877, 10178, 476, 121686, 8391, 1312, 
x-coal, 1315343786313317, /home/tcpan/PhD/path/Data/ValidationSet/20X_4096x4096_tiles/astroII.1/astroII.1.ndpi-0000004096-0000000000.tif, gpu, 0, 305366, 2020, 0.994492, 5270, 

x-coal, 1315343787079127, /home/tcpan/PhD/path/Data/ValidationSet/20X_4096x4096_tiles/astroII.1/astroII.1.ndpi-0000049152-0000008192.tif, gpu, 0, 301767, 2005, 0.938357, 5190, 

x-coal, 1315343787819658, /home/tcpan/PhD/path/Data/ValidationSet/20X_4096x4096_tiles/astroII.1/astroII.1.ndpi-0000028672-0000000000.tif, gpu, 0, 376868, 2128, 0.996981, 5270, 

x-coal, 1315343788524407, /home/tcpan/PhD/path/Data/ValidationSet/20X_4096x4096_tiles/astroII.1/astroII.1.ndpi-0000000000-0000012288.tif, gpu, 0, 308829, 1993, 0.999867, 5306, 

x-coal, 1315343789169664, /home/tcpan/PhD/path/Data/ValidationSet/20X_4096x4096_tiles/astroII.1/astroII.1.ndpi-0000012288-0000012288.tif, gpu, 0, 308221, 2049, 0.999784, 5440, 

x-coal, 1315343789920906, /home/tcpan/PhD/path/Data/ValidationSet/20X_4096x4096_tiles/astroII.1/astroII.1.ndpi-0000053248-0000008192.tif, gpu, 0, 368758, 2154, 0.987064, 5266, 

x-coal, 1315343790641210, /home/tcpan/PhD/path/Data/ValidationSet/20X_4096x4096_tiles/astroII.1/astroII.1.ndpi-0000036864-0000012288.tif, gpu, 0, 302585, 2016, 0.999904, 5444, 

x-coal, 1315343791281569, /home/tcpan/PhD/path/Data/ValidationSet/20X_4096x4096_tiles/astroII.1/astroII.1.ndpi-0000004096-0000012288.tif, gpu, 0, 293112, 2052, 0.999608, 5387, 

x-coal, 1315343792199671, /home/tcpan/PhD/path/Data/ValidationSet/20X_4096x4096_tiles/astroII.1/astroII.1.ndpi-0000008192-0000008192.tif, gpu, 0, 322031, 2005, 0.602258, 5091, 56278, 0, 10113, 1184, 468547, 586552, 45, 16607835, 9903, 474, 83758, 8810, 1310, 
x-coal, 1315343794175657, /home/tcpan/PhD/path/Data/ValidationSet/20X_4096x4096_tiles/astroII.1/astroII.1.ndpi-0000032768-0000008192.tif, gpu, 0, 301609, 2010, 0.99903, 5256, 

x-coal, 1315343794911121, /home/tcpan/PhD/path/Data/ValidationSet/20X_4096x4096_tiles/astroII.1/astroII.1.ndpi-0000016384-0000000000.tif, gpu, 0, 306788, 2177, 0.994597, 5344, 

x-coal, 1315343796005171, /home/tcpan/PhD/path/Data/ValidationSet/20X_4096x4096_tiles/astroII.1/astroII.1.ndpi-0000045056-0000004096.tif, gpu, 0, 307806, 2009, 0.307533, 4869, 119986, 10811, 10418, 1188, 468177, 1392458, 107, 16572284, 9896, 473, 83717, 9194, 1390, 
x-coal, 1315343798882430, /home/tcpan/PhD/path/Data/ValidationSet/20X_4096x4096_tiles/astroII.1/astroII.1.ndpi-0000000000-0000008192.tif, gpu, 0, 298398, 2013, 0.975699, 5182, 

x-coal, 1315343799763326, /home/tcpan/PhD/path/Data/ValidationSet/20X_4096x4096_tiles/astroII.1/astroII.1.ndpi-0000049152-0000000000.tif, gpu, 0, 293971, 2026, 0.687578, 4998, 55945, 0, 9904, 1213, 468738, 729796, 56, 16619178, 9956, 597, 109089, 8376, 1265, 
x-coal, 1315343801881704, /home/tcpan/PhD/path/Data/ValidationSet/20X_4096x4096_tiles/astroII.1/astroII.1.ndpi-0000040960-0000008192.tif, gpu, 0, 308698, 2051, 0.999415, 5225, 

x-coal, 1315343802530964, /home/tcpan/PhD/path/Data/ValidationSet/20X_4096x4096_tiles/astroII.1/astroII.1.ndpi-0000040960-0000012288.tif, gpu, 0, 299779, 1998, 0.999714, 5207, 

x-coal, 1315343803266547, /home/tcpan/PhD/path/Data/ValidationSet/20X_4096x4096_tiles/astroII.1/astroII.1.ndpi-0000020480-0000000000.tif, gpu, 0, 307842, 2003, 0.995345, 5379, 

