run-id, time, filename, type, start, uploaded image, toRGB, backgroundRatio, background, 

run-id, time, filename, type, start, uploaded image, toRGB, backgroundRatio, background, 

run-id, time, filename, type, start, uploaded image, toRGB, backgroundRatio, background, RBC, RBCPixCount, cpuCopyRBC, invert, open19, reconToNuclei, rc_reconIter, rc_openPixCount, downloadReconToNuclei, threshold1, fillHoles1, downloadHoleFilled1, GPU done, 
run-id, time, filename, type, start, uploaded image, toRGB, backgroundRatio, background, 

run-id, time, filename, type, start, uploaded image, toRGB, backgroundRatio, background, 

run-id, time, filename, type, start, uploaded image, toRGB, backgroundRatio, background, 

run-id, time, filename, type, start, uploaded image, toRGB, backgroundRatio, background, RBC, RBCPixCount, cpuCopyRBC, invert, open19, reconToNuclei, rc_reconIter, rc_openPixCount, downloadReconToNuclei, threshold1, fillHoles1, downloadHoleFilled1, GPU done, 
run-id, time, filename, type, start, uploaded image, toRGB, backgroundRatio, background, 

run-id, time, filename, type, start, uploaded image, toRGB, backgroundRatio, background, 

run-id, time, filename, type, start, uploaded image, toRGB, backgroundRatio, background, RBC, RBCPixCount, cpuCopyRBC, invert, open19, reconToNuclei, rc_reconIter, rc_openPixCount, downloadReconToNuclei, threshold1, fillHoles1, downloadHoleFilled1, GPU done, 
run-id, time, filename, type, start, uploaded image, toRGB, backgroundRatio, background, 

run-id, time, filename, type, start, uploaded image, toRGB, backgroundRatio, background, RBC, RBCPixCount, cpuCopyRBC, invert, open19, reconToNuclei, rc_reconIter, rc_openPixCount, downloadReconToNuclei, threshold1, fillHoles1, downloadHoleFilled1, GPU done, 
run-id, time, filename, type, start, uploaded image, toRGB, backgroundRatio, background, RBC, RBCPixCount, cpuCopyRBC, invert, open19, reconToNuclei, rc_reconIter, rc_openPixCount, downloadReconToNuclei, threshold1, fillHoles1, downloadHoleFilled1, GPU done, 
run-id, time, filename, type, start, uploaded image, toRGB, backgroundRatio, background, 

run-id, time, filename, type, start, uploaded image, toRGB, backgroundRatio, background, 

run-id, time, filename, type, start, uploaded image, toRGB, backgroundRatio, background, 

run-id, time, filename, type, start, uploaded image, toRGB, backgroundRatio, background, 

run-id, time, filename, type, start, uploaded image, toRGB, backgroundRatio, background, 

run-id, time, filename, type, start, uploaded image, toRGB, backgroundRatio, background, 

run-id, time, filename, type, start, uploaded image, toRGB, backgroundRatio, background, 

run-id, time, filename, type, start, uploaded image, toRGB, backgroundRatio, background, 

run-id, time, filename, type, start, uploaded image, toRGB, backgroundRatio, background, 

run-id, time, filename, type, start, uploaded image, toRGB, backgroundRatio, background, 

run-id, time, filename, type, start, uploaded image, toRGB, backgroundRatio, background, 

run-id, time, filename, type, start, uploaded image, toRGB, backgroundRatio, background, RBC, RBCPixCount, cpuCopyRBC, invert, open19, reconToNuclei, rc_reconIter, rc_openPixCount, downloadReconToNuclei, threshold1, fillHoles1, downloadHoleFilled1, GPU done, 
run-id, time, filename, type, start, uploaded image, toRGB, backgroundRatio, background, 

run-id, time, filename, type, start, uploaded image, toRGB, backgroundRatio, background, 

run-id, time, filename, type, start, uploaded image, toRGB, backgroundRatio, background, 

run-id, time, filename, type, start, uploaded image, toRGB, backgroundRatio, background, 

run-id, time, filename, type, start, uploaded image, toRGB, backgroundRatio, background, 

run-id, time, filename, type, start, uploaded image, toRGB, backgroundRatio, background, 

run-id, time, filename, type, start, uploaded image, toRGB, backgroundRatio, background, 

run-id, time, filename, type, start, uploaded image, toRGB, backgroundRatio, background, 

run-id, time, filename, type, start, uploaded image, toRGB, backgroundRatio, background, 

run-id, time, filename, type, start, uploaded image, toRGB, backgroundRatio, background, 

run-id, time, filename, type, start, uploaded image, toRGB, backgroundRatio, background, 

run-id, time, filename, type, start, uploaded image, toRGB, backgroundRatio, background, 

run-id, time, filename, type, start, uploaded image, toRGB, backgroundRatio, background, 

run-id, time, filename, type, start, uploaded image, toRGB, backgroundRatio, background, RBC, RBCPixCount, cpuCopyRBC, invert, open19, reconToNuclei, rc_reconIter, rc_openPixCount, downloadReconToNuclei, threshold1, fillHoles1, downloadHoleFilled1, GPU done, 
run-id, time, filename, type, start, uploaded image, toRGB, backgroundRatio, background, 

run-id, time, filename, type, start, uploaded image, toRGB, backgroundRatio, background, 

run-id, time, filename, type, start, uploaded image, toRGB, backgroundRatio, background, 

run-id, time, filename, type, start, uploaded image, toRGB, backgroundRatio, background, 

run-id, time, filename, type, start, uploaded image, toRGB, backgroundRatio, background, 

run-id, time, filename, type, start, uploaded image, toRGB, backgroundRatio, background, 

run-id, time, filename, type, start, uploaded image, toRGB, backgroundRatio, background, 

run-id, time, filename, type, start, uploaded image, toRGB, backgroundRatio, background, 

run-id, time, filename, type, start, uploaded image, toRGB, backgroundRatio, background, RBC, RBCPixCount, cpuCopyRBC, invert, open19, reconToNuclei, rc_reconIter, rc_openPixCount, downloadReconToNuclei, threshold1, fillHoles1, downloadHoleFilled1, GPU done, 
run-id, time, filename, type, start, uploaded image, toRGB, backgroundRatio, background, 

run-id, time, filename, type, start, uploaded image, toRGB, backgroundRatio, background, 

run-id, time, filename, type, start, uploaded image, toRGB, backgroundRatio, background, RBC, RBCPixCount, cpuCopyRBC, invert, open19, reconToNuclei, rc_reconIter, rc_openPixCount, downloadReconToNuclei, threshold1, fillHoles1, downloadHoleFilled1, GPU done, 
run-id, time, filename, type, start, uploaded image, toRGB, backgroundRatio, background, 

run-id, time, filename, type, start, uploaded image, toRGB, backgroundRatio, background, RBC, RBCPixCount, cpuCopyRBC, invert, open19, reconToNuclei, rc_reconIter, rc_openPixCount, downloadReconToNuclei, threshold1, fillHoles1, downloadHoleFilled1, GPU done, 
run-id, time, filename, type, start, uploaded image, toRGB, backgroundRatio, background, 

run-id, time, filename, type, start, uploaded image, toRGB, backgroundRatio, background, 

run-id, time, filename, type, start, uploaded image, toRGB, backgroundRatio, background, 

run-id, time, filename, type, start, uploaded image, toRGB, backgroundRatio, background, 

run-id, time, filename, type, start, uploaded image, toRGB, backgroundRatio, background, 

run-id, time, filename, type, start, uploaded image, toRGB, backgroundRatio, background, RBC, RBCPixCount, cpuCopyRBC, invert, open19, reconToNuclei, rc_reconIter, rc_openPixCount, downloadReconToNuclei, threshold1, fillHoles1, downloadHoleFilled1, GPU done, 
run-id, time, filename, type, start, uploaded image, toRGB, backgroundRatio, background, 

run-id, time, filename, type, start, uploaded image, toRGB, backgroundRatio, background, 

run-id, time, filename, type, start, uploaded image, toRGB, backgroundRatio, background, 

run-id, time, filename, type, start, uploaded image, toRGB, backgroundRatio, background, RBC, RBCPixCount, cpuCopyRBC, invert, open19, reconToNuclei, rc_reconIter, rc_openPixCount, downloadReconToNuclei, threshold1, fillHoles1, downloadHoleFilled1, GPU done, 
run-id, time, filename, type, start, uploaded image, toRGB, backgroundRatio, background, 

run-id, time, filename, type, start, uploaded image, toRGB, backgroundRatio, background, 

run-id, time, filename, type, start, uploaded image, toRGB, backgroundRatio, background, RBC, RBCPixCount, cpuCopyRBC, invert, open19, reconToNuclei, rc_reconIter, rc_openPixCount, downloadReconToNuclei, threshold1, fillHoles1, downloadHoleFilled1, GPU done, 
run-id, time, filename, type, start, uploaded image, toRGB, backgroundRatio, background, 

run-id, time, filename, type, start, uploaded image, toRGB, backgroundRatio, background, RBC, RBCPixCount, cpuCopyRBC, invert, open19, reconToNuclei, rc_reconIter, rc_openPixCount, downloadReconToNuclei, threshold1, fillHoles1, downloadHoleFilled1, GPU done, 
run-id, time, filename, type, start, uploaded image, toRGB, backgroundRatio, background, RBC, RBCPixCount, cpuCopyRBC, invert, open19, reconToNuclei, rc_reconIter, rc_openPixCount, downloadReconToNuclei, threshold1, fillHoles1, downloadHoleFilled1, GPU done, 
run-id, time, filename, type, start, uploaded image, toRGB, backgroundRatio, background, 

run-id, time, filename, type, start, uploaded image, toRGB, backgroundRatio, background, 

run-id, time, filename, type, start, uploaded image, toRGB, backgroundRatio, background, 

run-id, time, filename, type, start, uploaded image, toRGB, backgroundRatio, background, 

run-id, time, filename, type, start, uploaded image, toRGB, backgroundRatio, background, 

run-id, time, filename, type, start, uploaded image, toRGB, backgroundRatio, background, 

run-id, time, filename, type, start, uploaded image, toRGB, backgroundRatio, background, 

run-id, time, filename, type, start, uploaded image, toRGB, backgroundRatio, background, 

run-id, time, filename, type, start, uploaded image, toRGB, backgroundRatio, background, 

run-id, time, filename, type, start, uploaded image, toRGB, backgroundRatio, background, 

run-id, time, filename, type, start, uploaded image, toRGB, backgroundRatio, background, 

run-id, time, filename, type, start, uploaded image, toRGB, backgroundRatio, background, RBC, RBCPixCount, cpuCopyRBC, invert, open19, reconToNuclei, rc_reconIter, rc_openPixCount, downloadReconToNuclei, threshold1, fillHoles1, downloadHoleFilled1, GPU done, 
run-id, time, filename, type, start, uploaded image, toRGB, backgroundRatio, background, 

run-id, time, filename, type, start, uploaded image, toRGB, backgroundRatio, background, 

run-id, time, filename, type, start, uploaded image, toRGB, backgroundRatio, background, 

run-id, time, filename, type, start, uploaded image, toRGB, backgroundRatio, background, 

run-id, time, filename, type, start, uploaded image, toRGB, backgroundRatio, background, 

run-id, time, filename, type, start, uploaded image, toRGB, backgroundRatio, background, 

run-id, time, filename, type, start, uploaded image, toRGB, backgroundRatio, background, 

run-id, time, filename, type, start, uploaded image, toRGB, backgroundRatio, background, 

run-id, time, filename, type, start, uploaded image, toRGB, backgroundRatio, background, 

run-id, time, filename, type, start, uploaded image, toRGB, backgroundRatio, background, 

run-id, time, filename, type, start, uploaded image, toRGB, backgroundRatio, background, 

run-id, time, filename, type, start, uploaded image, toRGB, backgroundRatio, background, 

run-id, time, filename, type, start, uploaded image, toRGB, backgroundRatio, background, 

run-id, time, filename, type, start, uploaded image, toRGB, backgroundRatio, background, RBC, RBCPixCount, cpuCopyRBC, invert, open19, reconToNuclei, rc_reconIter, rc_openPixCount, downloadReconToNuclei, threshold1, fillHoles1, downloadHoleFilled1, GPU done, 
run-id, time, filename, type, start, uploaded image, toRGB, backgroundRatio, background, 

run-id, time, filename, type, start, uploaded image, toRGB, backgroundRatio, background, 

run-id, time, filename, type, start, uploaded image, toRGB, backgroundRatio, background, 

run-id, time, filename, type, start, uploaded image, toRGB, backgroundRatio, background, 

run-id, time, filename, type, start, uploaded image, toRGB, backgroundRatio, background, 

run-id, time, filename, type, start, uploaded image, toRGB, backgroundRatio, background, 

run-id, time, filename, type, start, uploaded image, toRGB, backgroundRatio, background, 

run-id, time, filename, type, start, uploaded image, toRGB, backgroundRatio, background, 

run-id, time, filename, type, start, uploaded image, toRGB, backgroundRatio, background, RBC, RBCPixCount, cpuCopyRBC, invert, open19, reconToNuclei, rc_reconIter, rc_openPixCount, downloadReconToNuclei, threshold1, fillHoles1, downloadHoleFilled1, GPU done, 
run-id, time, filename, type, start, uploaded image, toRGB, backgroundRatio, background, 

run-id, time, filename, type, start, uploaded image, toRGB, backgroundRatio, background, 

run-id, time, filename, type, start, uploaded image, toRGB, backgroundRatio, background, RBC, RBCPixCount, cpuCopyRBC, invert, open19, reconToNuclei, rc_reconIter, rc_openPixCount, downloadReconToNuclei, threshold1, fillHoles1, downloadHoleFilled1, GPU done, 
run-id, time, filename, type, start, uploaded image, toRGB, backgroundRatio, background, 

run-id, time, filename, type, start, uploaded image, toRGB, backgroundRatio, background, RBC, RBCPixCount, cpuCopyRBC, invert, open19, reconToNuclei, rc_reconIter, rc_openPixCount, downloadReconToNuclei, threshold1, fillHoles1, downloadHoleFilled1, GPU done, 
run-id, time, filename, type, start, uploaded image, toRGB, backgroundRatio, background, 

run-id, time, filename, type, start, uploaded image, toRGB, backgroundRatio, background, 

run-id, time, filename, type, start, uploaded image, toRGB, backgroundRatio, background, 

run-id, time, filename, type, start, uploaded image, toRGB, backgroundRatio, background, 

run-id, time, filename, type, start, uploaded image, toRGB, backgroundRatio, background, 

run-id, time, filename, type, start, uploaded image, toRGB, backgroundRatio, background, RBC, RBCPixCount, cpuCopyRBC, invert, open19, reconToNuclei, rc_reconIter, rc_openPixCount, downloadReconToNuclei, threshold1, fillHoles1, downloadHoleFilled1, GPU done, 
run-id, time, filename, type, start, uploaded image, toRGB, backgroundRatio, background, 

run-id, time, filename, type, start, uploaded image, toRGB, backgroundRatio, background, 

run-id, time, filename, type, start, uploaded image, toRGB, backgroundRatio, background, 

run-id, time, filename, type, start, uploaded image, toRGB, backgroundRatio, background, RBC, RBCPixCount, cpuCopyRBC, invert, open19, reconToNuclei, rc_reconIter, rc_openPixCount, downloadReconToNuclei, threshold1, fillHoles1, downloadHoleFilled1, GPU done, 
run-id, time, filename, type, start, uploaded image, toRGB, backgroundRatio, background, 

run-id, time, filename, type, start, uploaded image, toRGB, backgroundRatio, background, 

run-id, time, filename, type, start, uploaded image, toRGB, backgroundRatio, background, RBC, RBCPixCount, cpuCopyRBC, invert, open19, reconToNuclei, rc_reconIter, rc_openPixCount, downloadReconToNuclei, threshold1, fillHoles1, downloadHoleFilled1, GPU done, 
run-id, time, filename, type, start, uploaded image, toRGB, backgroundRatio, background, 

run-id, time, filename, type, start, uploaded image, toRGB, backgroundRatio, background, RBC, RBCPixCount, cpuCopyRBC, invert, open19, reconToNuclei, rc_reconIter, rc_openPixCount, downloadReconToNuclei, threshold1, fillHoles1, downloadHoleFilled1, GPU done, 
run-id, time, filename, type, start, uploaded image, toRGB, backgroundRatio, background, RBC, RBCPixCount, cpuCopyRBC, invert, open19, reconToNuclei, rc_reconIter, rc_openPixCount, downloadReconToNuclei, threshold1, fillHoles1, downloadHoleFilled1, GPU done, 
run-id, time, filename, type, start, uploaded image, toRGB, backgroundRatio, background, 

run-id, time, filename, type, start, uploaded image, toRGB, backgroundRatio, background, 

run-id, time, filename, type, start, uploaded image, toRGB, backgroundRatio, background, 

run-id, time, filename, type, start, uploaded image, toRGB, backgroundRatio, background, 

run-id, time, filename, type, start, uploaded image, toRGB, backgroundRatio, background, 

run-id, time, filename, type, start, uploaded image, toRGB, backgroundRatio, background, 

run-id, time, filename, type, start, uploaded image, toRGB, backgroundRatio, background, 

run-id, time, filename, type, start, uploaded image, toRGB, backgroundRatio, background, 

run-id, time, filename, type, start, uploaded image, toRGB, backgroundRatio, background, 

run-id, time, filename, type, start, uploaded image, toRGB, backgroundRatio, background, 

run-id, time, filename, type, start, uploaded image, toRGB, backgroundRatio, background, 

run-id, time, filename, type, start, uploaded image, toRGB, backgroundRatio, background, RBC, RBCPixCount, cpuCopyRBC, invert, open19, reconToNuclei, rc_reconIter, rc_openPixCount, downloadReconToNuclei, threshold1, fillHoles1, downloadHoleFilled1, GPU done, 
run-id, time, filename, type, start, uploaded image, toRGB, backgroundRatio, background, 

run-id, time, filename, type, start, uploaded image, toRGB, backgroundRatio, background, 

run-id, time, filename, type, start, uploaded image, toRGB, backgroundRatio, background, 

run-id, time, filename, type, start, uploaded image, toRGB, backgroundRatio, background, 

run-id, time, filename, type, start, uploaded image, toRGB, backgroundRatio, background, 

run-id, time, filename, type, start, uploaded image, toRGB, backgroundRatio, background, 

run-id, time, filename, type, start, uploaded image, toRGB, backgroundRatio, background, 

run-id, time, filename, type, start, uploaded image, toRGB, backgroundRatio, background, 

run-id, time, filename, type, start, uploaded image, toRGB, backgroundRatio, background, 

run-id, time, filename, type, start, uploaded image, toRGB, backgroundRatio, background, 

run-id, time, filename, type, start, uploaded image, toRGB, backgroundRatio, background, 

run-id, time, filename, type, start, uploaded image, toRGB, backgroundRatio, background, 

run-id, time, filename, type, start, uploaded image, toRGB, backgroundRatio, background, 

run-id, time, filename, type, start, uploaded image, toRGB, backgroundRatio, background, RBC, RBCPixCount, cpuCopyRBC, invert, open19, reconToNuclei, rc_reconIter, rc_openPixCount, downloadReconToNuclei, threshold1, fillHoles1, downloadHoleFilled1, GPU done, 
run-id, time, filename, type, start, uploaded image, toRGB, backgroundRatio, background, 

run-id, time, filename, type, start, uploaded image, toRGB, backgroundRatio, background, 

run-id, time, filename, type, start, uploaded image, toRGB, backgroundRatio, background, 

run-id, time, filename, type, start, uploaded image, toRGB, backgroundRatio, background, 

run-id, time, filename, type, start, uploaded image, toRGB, backgroundRatio, background, 

run-id, time, filename, type, start, uploaded image, toRGB, backgroundRatio, background, 

run-id, time, filename, type, start, uploaded image, toRGB, backgroundRatio, background, 

run-id, time, filename, type, start, uploaded image, toRGB, backgroundRatio, background, 

run-id, time, filename, type, start, uploaded image, toRGB, backgroundRatio, background, RBC, RBCPixCount, cpuCopyRBC, invert, open19, reconToNuclei, rc_reconIter, rc_openPixCount, downloadReconToNuclei, threshold1, fillHoles1, downloadHoleFilled1, GPU done, 
run-id, time, filename, type, start, uploaded image, toRGB, backgroundRatio, background, 

run-id, time, filename, type, start, uploaded image, toRGB, backgroundRatio, background, 

run-id, time, filename, type, start, uploaded image, toRGB, backgroundRatio, background, RBC, RBCPixCount, cpuCopyRBC, invert, open19, reconToNuclei, rc_reconIter, rc_openPixCount, downloadReconToNuclei, threshold1, fillHoles1, downloadHoleFilled1, GPU done, 
run-id, time, filename, type, start, uploaded image, toRGB, backgroundRatio, background, 

run-id, time, filename, type, start, uploaded image, toRGB, backgroundRatio, background, RBC, RBCPixCount, cpuCopyRBC, invert, open19, reconToNuclei, rc_reconIter, rc_openPixCount, downloadReconToNuclei, threshold1, fillHoles1, downloadHoleFilled1, GPU done, 
run-id, time, filename, type, start, uploaded image, toRGB, backgroundRatio, background, 

run-id, time, filename, type, start, uploaded image, toRGB, backgroundRatio, background, 

run-id, time, filename, type, start, uploaded image, toRGB, backgroundRatio, background, 

